CpG,DHS,Enhancer,Relation_to_Island,chr,UCSC_RefGene_Name,UCSC_RefGene_Group,delta_beta
cg10095305,No,No,OpenSea,chr5,SKP2;SKP2;SKP2,5'UTR;Body;Body,0.10400551609114489
cg03467047,No,No,OpenSea,chr3,IGSF11;C3orf30;IGSF11,1stExon;TSS1500;5'UTR,0.05249498521916185
cg24695977,No,No,S_Shore,chr1,,,-0.01865038446331191
cg14521240,No,No,OpenSea,chr14,,,-0.029331052975504313
cg25910355,Yes,No,S_Shore,chr8,HEY1;HEY1;HEY1,Body;Body;TSS200,0.034005624935984136
cg11187668,Yes,No,S_Shore,chr11,,,0.1135301864723881
cg14437649,Yes,No,OpenSea,chr14,SLC25A21;SLC25A21,Body;Body,-0.01849550201420125
cg13060236,Yes,No,OpenSea,chr1,DAB1,Body,-0.021696852108907705
cg20256783,No,No,OpenSea,chr12,KRT75,1stExon,0.01514747940487926
cg08107960,Yes,No,OpenSea,chr6,DCDC2,Body,0.011478388074670665
cg26164488,Yes,Yes,OpenSea,chr2,,,0.12172847979210402
cg23013853,Yes,No,N_Shore,chr14,CHGA,TSS1500,0.0033328553522714577
cg00835999,No,Yes,OpenSea,chr6,DTNBP1;DTNBP1;DTNBP1;DTNBP1;DTNBP1;DTNBP1,Body;Body;Body;Body;Body;Body,0.05489950634774954
cg06150151,Yes,No,OpenSea,chr10,,,0.02416797032321183
cg05810177,Yes,No,OpenSea,chr7,,,-0.06156589459639894
cg07189579,Yes,Yes,OpenSea,chr8,NDRG1;NDRG1;NDRG1;NDRG1,Body;Body;Body;Body,0.10563266300404672
cg10598596,No,No,N_Shelf,chr19,KLK10;KLK10;KLK10,3'UTR;3'UTR;3'UTR,-0.013632611261421457
cg25693439,Yes,No,OpenSea,chr16,ADCY9,Body,0.13299886130071809
cg14703454,Yes,No,OpenSea,chr3,HHLA2,5'UTR,0.15530482866742013
cg24317740,Yes,Yes,OpenSea,chr11,,,0.09008492180744546
cg01828067,No,No,S_Shore,chr5,,,-0.020825576166818016
cg03209642,Yes,No,Island,chr15,FES;FES;FES;FES,TSS200;TSS1500;TSS1500;TSS200,0.05310040919016906
cg02864956,Yes,No,OpenSea,chr10,PIP4K2A,Body,-0.0761416051421987
